,p_from_mw,q_from_mvar,p_to_mw,q_to_mvar,pl_mw,ql_mvar,i_from_ka,i_to_ka,i_ka,vm_from_pu,va_from_degree,vm_to_pu,va_to_degree,loading_percent
0,-21.024743829598393,-6.106086086175766,21.180755654633675,4.289245399416717,0.156011825035282,-1.816840686759049,0.096219438523245,0.093783607407447,0.096219438523245,0.95194557398927,38.20556069965018,0.964055504741052,39.42322276547122,0.23230969651844
1,-15.445131728941934,-20.893913913823916,15.53835296881069,20.208213565671787,0.093221239868756,-0.685700348152128,0.114191744710542,0.110730429865368,0.114191744710542,0.95194557398927,38.20556069965018,0.963135225658778,38.4503209330697,0.275701562654706
2,126.2048011210965,-62.15159299186883,-125.85212046407577,63.54282772516557,0.352680657020727,1.391234733296741,0.592428637856667,0.592038575680854,0.592428637856667,0.993464429420274,40.067397422184065,0.996275982020531,39.42116600601625,1.430344212994612
3,-20.59499898752438,-26.14861200558178,20.865388274801965,24.633637716442074,0.270389287277585,-1.514974289139705,0.14458527436817,0.135566412801629,0.14458527436817,0.963135225658778,38.4503209330697,0.996275982020531,39.42116600601625,0.349082905959697
4,2.852278675775916,1.82840546086343,-2.850532180756515,-3.233445349056819,0.001746495019401,-1.405039888193389,0.014227360410378,0.018132585275113,0.018132585275113,0.996275982020531,39.42116600601625,0.99456145321161,39.34955424903673,0.04377883977507
5,-33.61934337778463,-18.76655465094281,33.68766342579572,18.52913619243079,0.068320048011088,-0.237418458512018,0.161963735826673,0.160851478458769,0.161963735826673,0.99456145321161,39.34955424903673,1.0,39.703502374419216,0.391041008910038
6,1.09445934227189,-268.5933098856791,-0.121772734913435,148.96271144263432,0.972686607358455,-119.63059844304479,0.434670029121252,0.227663806153474,0.434670029121252,1.034092475085538,35.31389995554278,1.094974484590728,35.042093673169795,2.623639882455364
7,0.121772734913179,-148.96271144263568,1.25e-13,7.07e-13,0.121772734913305,-148.96271144263497,0.227663806153476,1e-15,0.227663806153476,1.094974484590728,35.042093673169795,1.117094879879713,34.949345854163546,1.374163852114191
8,-162.67467667963518,50.15159299187105,168.82955448805515,-31.627172977868767,6.154877808419968,18.52442001400228,0.716875787160382,0.718618680434639,0.718618680434639,0.993464429420274,40.067397422184065,1.0,47.15510416298466,1.735014152300644
9,-178.44103531496182,60.09910850564677,185.71327607632531,-37.39878516346812,7.272240761363491,22.70032334217865,0.790692773849722,0.792566039092853,0.792566039092853,0.996275982020531,39.42116600601625,1.0,47.15510416298466,1.913550721541585
10,488.58353341378154,-41.18125854063399,-474.2803786801363,87.80356770620534,14.303154733645215,46.62230916557135,2.051333811205153,2.051057554838057,2.051333811205153,1.0,47.15510416298466,0.983864344492682,41.426978642342824,4.952686717496864
11,-57.65063121317495,-13.289245399417048,58.35108761944413,14.10528104553962,0.700456406269183,0.816035646122572,0.256746561308403,0.255273603915611,0.256746561308403,0.964055504741052,39.42322276547122,0.983864344492682,41.426978642342824,0.619882184464199
12,-31.41322953982789,-4.059601560090289,31.930569349599885,1.921710229395007,0.517339809771997,-2.137891330695282,0.137588528371873,0.136024406126051,0.137588528371873,0.963135225658778,38.4503209330697,0.983864344492682,41.426978642342824,0.33219014537033
13,-70.15753898433653,66.11686797587346,70.96363807908526,-63.79736999958676,0.806099094748731,2.319497976286698,0.403320611555305,0.405777079914291,0.405777079914291,1.0,39.703502374419216,0.983864344492682,41.426978642342824,0.97969757188153
14,58.71567254302175,-17.32566991142632,-57.88884342419642,18.166128724286345,0.82682911882533,0.840458812860024,0.256119838555425,0.253834502231636,0.256119838555425,1.0,47.15510416298466,1.0,44.48602267012229,0.618369041436344
15,116.86698571893658,-13.042604278168625,-113.80056966986831,21.391193791480127,3.066416049068266,8.348589513311502,0.500040037700193,0.498944776342338,0.500040037700193,0.983864344492682,41.426978642342824,0.970939751035752,36.30759899610312,1.207283592463878
16,121.4189678656556,-11.506780464408322,-110.39834197321748,41.575918624527375,11.020625892438119,30.069138160119053,0.510256283037194,0.504524658161586,0.510256283037194,1.0,44.48602267012229,0.978229093876194,26.443653687421136,1.231949428081109
17,77.33069411132698,-22.39119379148039,-73.30330549523575,30.82206153745826,4.02738861609123,8.43086774597787,0.346898544380692,0.340090224003522,0.346898544380692,0.970939751035752,36.30759899610312,0.978229093876194,26.443653687421136,0.83754277518776
18,122.73997146491577,-43.68364130906773,-119.0422064937896,56.124760885427214,3.697764971126162,12.441119576359483,0.553999011557114,0.550613955813982,0.553999011557114,0.983864344492682,41.426978642342824,1.0,34.92522708270269,1.33756072807738
19,2.47001810250903,-50.853536467335445,-2.141631959875504,47.59766334429911,0.328386142633526,-3.255873123036338,0.217747187172776,0.199396748265701,0.217747187172776,0.978229093876194,26.443653687421136,0.999693845392054,26.003550632403226,0.52572311526876
20,82.57233093524864,-16.259290346838533,-79.38878534084508,24.229715962048967,3.183545594403569,7.970425615210434,0.35209125982492,0.347369842501512,0.35209125982492,1.0,34.92522708270269,0.999693845392054,26.003550632403226,0.850079931582243
21,54.617117597214204,32.64927663555085,-54.1135205562816,-31.849039695157412,0.503597040932604,0.800236940393436,0.266297698869277,0.269035612767366,0.269035612767366,0.999693845392054,26.003550632403226,0.976435969700037,24.624872433072962,0.649552548984581
22,17.643644997741017,-2.150960304842005,-17.6068062282003,1.225749857028957,0.036838769540719,-0.925210447813049,0.076156750179262,0.075712398159367,0.076156750179262,0.976435969700037,24.624872433072962,0.975267529239204,24.090700644531676,0.183870866360345
23,52.60836303168303,-31.270914301649377,-51.63896618095082,32.86447673148873,0.96939685073221,1.593562429839352,0.262537894746696,0.256083875975335,0.262537894746696,0.975267529239204,24.090700644531676,1.0,20.02923280356295,0.633864628491472
24,93.59109989318128,-19.593595172098482,-92.44688094551987,22.386867532170587,1.144218947661415,2.793272360072106,0.40894875558307,0.40804039607835,0.40894875558307,0.978229093876194,26.443653687421136,0.975267529239204,24.090700644531676,0.987355182686345
25,18.686988235026543,9.583866192001079,-18.602273587449815,-11.32428047202824,0.084714647576728,-1.740414280027162,0.087863030574557,0.092254498297835,0.092254498297835,1.0,20.02923280356295,0.987624672952279,19.222016828632412,0.2227368485096
26,-17.867601971091197,3.324280472028663,17.940393525259157,-5.384747213342638,0.07279155416796,-2.060466741313975,0.076988167726728,0.079386386841459,0.079386386841459,0.987624672952279,19.222016828632412,0.987135987309834,20.296219763120234,0.191668416672161
27,-54.41026908380008,0.384747213342496,55.45125632782767,0.441877627113634,1.04098724402759,0.82662484045613,0.230608352187318,0.230593741450563,0.230608352187318,0.987135987309834,20.296219763120234,1.006092587105351,25.340138202578604,0.556774775798664
28,-101.63622089259934,38.19350402719236,103.23499888271573,-37.3839634074526,1.598777990116389,0.809540619739764,0.451496775544248,0.458735437270176,0.458735437270176,1.006092587105351,25.340138202578604,1.001341155391748,28.498242750187526,1.107558845178074
29,-40.825763460824746,-28.698271861798847,41.17383083750667,21.508064498331457,0.348067376681925,-7.19020736346739,0.207515774710229,0.188289132670127,0.207515774710229,1.006092587105351,25.340138202578604,1.032164208712773,26.932992272598074,0.501020660540186
30,53.86423817715845,2.562582749689771,-52.95552296872497,-16.12120415977366,0.908715208433478,-13.55862141008389,0.21857623500533,0.231588755069616,0.231588755069616,1.032164208712773,26.932992272598074,1.0,22.265200151415595,0.559141834883067
31,39.261871395206164,13.50860687156895,-38.92626959738932,-14.126950392712533,0.335601797816842,-0.618343521143583,0.173710480114174,0.176694487671087,0.176694487671087,1.0,22.265200151415595,0.980499130093847,20.46637659059656,0.42660655099785
32,2.456394038848488,7.126950392712816,-2.438042236242062,-9.322149933521954,0.018351802606426,-2.195199540809138,0.032165592828115,0.041476189272078,0.041476189272078,0.980499130093847,20.46637659059656,0.971950786745122,20.44496396671042,0.100139026899539
33,243.01115392764487,47.91919859726386,-240.4018189395743,-70.2772199125364,2.609334988070572,-22.358021315272538,0.400839541371849,0.421707339189402,0.421707339189402,1.034092475085538,35.31389995554278,0.993924545300693,28.652487986405994,2.545397933366169
34,4.961930985335396,-38.78833815760436,-4.95647103230489,-51.40291836687716,0.005459953030506,-90.19125652448152,0.0654404331184,0.08694893216097,0.08694893216097,1.0,28.8680262664181,0.993924545300693,28.652487986405994,0.524818070883816
35,53.327061577906946,0.575948837037895,-51.97515427531755,-0.003932311372505,1.351907302589396,0.57201652566539,0.223185640813588,0.223284301990271,0.223284301990271,0.999693845392054,26.003550632403226,0.973863039327501,21.164196565970403,0.539091780505039
36,-34.03183332229941,5.322149933521883,34.16797167438986,-5.69054657892833,0.136138352090448,-0.368396645406447,0.148268272404207,0.148806784791497,0.148806784791497,0.971950786745122,20.44496396671042,0.973863039327501,21.164196565970403,0.359275210345838
37,50.54085246705538,-12.937109792507457,-49.725544754176504,4.100882799296667,0.815307712878877,-8.83622699321079,0.21694326893269,0.208742909338254,0.21694326893269,1.006092587105351,25.340138202578604,1.0,21.893069429688804,0.523782156089966
38,-18.66269295761273,-21.30552110969995,18.899268250438016,19.642236208630777,0.236575292825286,-1.663284901069172,0.121677284103104,0.114039322858912,0.121677284103104,0.973863039327501,21.164196565970403,1.0,21.893069429688804,0.293774453239521
39,7.885490679857741,-3.326821901505893,-7.86997166650888,1.451987207525442,0.015519013348861,-1.87483469398045,0.035806367795384,0.033481272446072,0.035806367795384,1.0,22.265200151415595,1.0,21.893069429688804,0.086449958175173
40,51.17065391422277,-31.95084852255229,-49.763334297202334,33.43274787226699,1.407319617020434,1.481899349714698,0.258005043016941,0.250817401742309,0.258005043016941,0.978229093876194,26.443653687421136,1.0,22.03377835329532,0.622920629795741
41,20.97544858349579,-17.341703087551263,-20.465106258168852,12.868313538842138,0.510342325326938,-4.473389548709125,0.116750540087065,0.101396108773774,0.116750540087065,0.975267529239204,24.090700644531676,0.997468818573255,20.401729929882414,0.281879451306896
42,2.430404837612837,26.7818376894,-2.41404456784274,-26.97459073820314,0.016360269770097,-0.192753048803141,0.112507531833107,0.113622673958098,0.113622673958098,1.0,19.80412572400987,0.997200206681534,19.824523607845897,0.274327613109512
43,-35.38238278353775,7.51587123922631,35.527444351971766,-8.178456698210129,0.145061568434016,-0.662585458983818,0.15133200114273,0.152523549115696,0.152523549115696,1.0,19.80412572400987,1.0,20.863257277756894,0.368248868947855
44,13.293458738661116,-5.568106681354477,-13.214322601640195,2.178885752607183,0.079136137020921,-3.389220928747294,0.060297498303639,0.056031233623236,0.060297498303639,1.0,22.03377835329532,1.0,20.863257277756894,0.145580703304098
45,34.16663256410374,-10.198638872164922,-34.055830990698865,9.974590738202014,0.110801573404878,-0.224048133962908,0.149553682446221,0.148881646554903,0.149553682446221,0.997468818573255,20.401729929882414,0.997200206681534,19.824523607845897,0.361078500514253
46,-86.29608441484031,-3.502642083644304,86.48793036377893,3.225563957738036,0.191845948938621,-0.277078125906268,0.362250914890425,0.36209090321587,0.362250914890425,0.997468818573255,20.401729929882414,1.0,20.863257277756894,0.874609137127641
47,47.906174890915956,25.523823108820608,-46.937652419382616,-24.91215013168594,0.96852247153334,0.611672977134667,0.22709683792049,0.232291211321627,0.232291211321627,1.0,20.863257277756894,0.957064656548061,18.338839898454708,0.56083782689078
48,34.38910677271709,18.66448828424565,-33.43213841218629,-19.93193977271791,0.956968360530802,-1.267451488472261,0.163698297905435,0.172170402679344,0.172170402679344,1.0,20.863257277756894,0.945816070126489,18.108291843758447,0.41568371848515
49,122.07284553151257,23.716782708093234,-121.27965787177794,-55.02597549135518,0.793187659734628,-31.30919278326195,0.209378222711644,0.23067969315496,0.23067969315496,0.993924545300693,28.652487986405994,0.966153791190918,24.839934492305527,1.392367548913963
50,10.467776860841628,13.912150131685959,-10.402811504482457,-15.103520872567177,0.064965356359171,-1.191370740881219,0.076107583481121,0.08112216254658,0.08112216254658,0.957064656548061,18.338839898454708,0.945816070126489,18.108291843758447,0.195859228149234
51,17.19017203302302,9.845223187394827,-17.124770318483648,-10.709566699581966,0.065401714539373,-0.864343512187139,0.087626393584363,0.090100668806988,0.090100668806988,0.945816070126489,18.108291843758447,0.937858053610449,17.66487601468338,0.217536698903134
52,-9.825097674895193,2.190237457890001,9.896323722562162,-6.114122438853203,0.071226047666968,-3.923884980963202,0.044526846928342,0.051579017783879,0.051579017783879,0.945816070126489,18.108291843758447,0.943556168329212,19.41506374065615,0.12453103189952
53,-19.34510524005731,0.709566699581583,19.521849890954847,-3.17178927616721,0.176744650897536,-2.462222576585627,0.086354747670881,0.087694294857187,0.087694294857187,0.937858053610449,17.66487601468338,0.943556168329212,19.41506374065615,0.211726812558255
54,-0.921536841689372,9.432159526926894,1.016539494698213,-14.937509387291252,0.095002653008841,-5.505349860364358,0.039649196741955,0.064574625490962,0.064574625490962,1.0,16.69427070610494,0.970018258259543,17.275548792479924,0.155907287351018
55,36.12468255036639,-11.237815966675317,-35.54833871685162,9.368344199562125,0.57634383351477,-1.869471767113192,0.15868045639573,0.153801410757563,0.15868045639573,0.997468818573255,20.401729929882414,1.0,16.69427070610494,0.383113944899959
56,-37.48641505323921,16.346863600860168,37.893027016373736,-16.804477755169003,0.406611963134523,-0.457614154308835,0.1763831574891,0.180030783923156,0.180030783923156,0.970018258259543,17.275548792479924,0.963295355434729,19.5861841337978,0.434661617434623
57,-22.62484470325199,-4.63813682699832,22.84963547444595,2.27356732956389,0.224790771193959,-2.36456949743443,0.100305711067721,0.098276431413815,0.100305711067721,0.963295355434729,19.5861841337978,0.977528611232284,21.37780044337137,0.242175486105951
58,-38.10875467296133,-6.532620693277638,38.69631694694446,5.406527408061013,0.587562273983124,-1.126093285216625,0.165479606228615,0.163466198326712,0.165479606228615,0.977528611232284,21.37780044337137,1.0,24.103709346554805,0.399529634478933
59,-21.210756360025638,3.814675221490953,21.51689022750104,-7.372961383309081,0.306133867475403,-3.558286161818128,0.092235758933852,0.09711470316451,0.09711470316451,0.977528611232284,21.37780044337137,0.97985569616841,23.994922094895927,0.234471200059801
60,-37.170940290632586,35.12817748710655,37.681417673794385,-35.03805052601383,0.510477383161799,0.090126961092714,0.213969349958556,0.21852495499937,0.21852495499937,1.0,24.103709346554805,0.985103083408321,25.85434466132249,0.527600937572973
61,-32.94402458602896,-6.857044142489586,33.82300502430524,2.826699696361281,0.87898043827628,-4.030344446128305,0.149203364011674,0.144145865304711,0.149203364011674,0.943556168329212,19.41506374065615,0.985103083408321,25.85434466132249,0.360232700845668
62,-32.94402458602896,-6.857044142489586,33.82300502430524,2.826699696361281,0.87898043827628,-4.030344446128305,0.149203364011674,0.144145865304711,0.149203364011674,0.943556168329212,19.41506374065615,0.985103083408321,25.85434466132249,0.360232700845668
63,-51.73805787166261,8.721994000188392,53.79688703713907,-7.337796041858038,2.05882916547646,1.384197958330354,0.227874654374925,0.230588975418826,0.230588975418826,0.963295355434729,19.5861841337978,0.985103083408321,25.85434466132249,0.556727993035462
64,-57.986765786042014,10.77471916301387,58.63778731122193,-10.1523512988073,0.651021525179914,0.62236786420657,0.2518244462836,0.25273756616373,0.25273756616373,0.97985569616841,23.994922094895927,0.985103083408321,25.85434466132249,0.610202971410198
65,53.27116265239029,-37.65820215271118,-52.11880946672069,39.05749004694823,1.152353185669597,1.399287894237048,0.277062163681058,0.272482327619629,0.277062163681058,0.985103083408321,25.85434466132249,1.0,22.95244542420164,0.668931643640171
66,71.92042600042876,-1.50596408678733,-69.32995107904331,5.590466953568267,2.59047492138545,4.084502866780937,0.305510434121622,0.304819366554435,0.305510434121622,0.985103083408321,25.85434466132249,0.954653938926937,19.84488411113909,0.737616403954223
67,33.04711132094759,-1.860563651001282,-32.803517150716864,1.301918399568901,0.243594170230729,-0.558645251432381,0.1450557771104,0.144789511127899,0.1450557771104,0.954653938926937,19.84488411113909,0.948604912394671,18.599634715277308,0.35021887547829
68,-3.666358407824172,-6.301918399569459,3.681425923669281,2.675211932159843,0.015067515845109,-3.626706467409616,0.032155297485383,0.019875985042814,0.032155297485383,0.948604912394671,18.599634715277308,0.957895348850115,18.863310478547653,0.077634909483335
69,-40.151301482210236,-13.675211932159604,40.65641649653719,13.090171255097104,0.505115014326954,-0.5850406770625,0.185256951029306,0.181288633912975,0.185256951029306,0.957895348850115,18.863310478547653,0.985683431133964,21.641377889003593,0.44727953864699
70,23.371032091373056,-8.77423425014215,-22.939863064092684,3.315211411278673,0.431169027280372,-5.459022838863477,0.106020453308226,0.098378937353281,0.106020453308226,0.985103083408321,25.85434466132249,0.985683431133964,21.641377889003593,0.255973010347916
71,22.699512125631827,-9.615539297925778,-22.205067789904888,4.182973818226849,0.494444335726939,-5.432565479698929,0.104696623530184,0.095906314876161,0.104696623530184,0.985103083408321,25.85434466132249,0.985683431133964,21.641377889003593,0.252776790346023
72,-1.559985401532999,-20.56473461081507,1.627118572091212,18.854294116936735,0.067133170558213,-1.710440493878334,0.087537047608087,0.079173857055879,0.087537047608087,0.985683431133964,21.641377889003593,1.0,21.513107198783246,0.211347158911575
73,4.584302665448832,-32.07253621191105,-4.555234351635106,31.460163217723824,0.029068313813726,-0.612372994187226,0.137514298955789,0.13452196935369,0.137514298955789,0.985683431133964,21.641377889003593,0.988629387199561,21.564353431244136,0.332010927809018
74,16.733253788844543,69.7098573306071,-16.481173853427748,-69.29962745930041,0.252079935416795,0.410229871306683,0.299929569768749,0.301442781698094,0.301442781698094,1.0,21.513107198783246,0.988629387199561,21.564353431244136,0.727795570299869
75,10.528625150563538,-1.793588493711506,-10.489592296500337,-0.454594890366387,0.039032854063201,-2.248183384077894,0.045197083463922,0.044566926943103,0.045197083463922,0.988629387199561,21.564353431244136,0.985629424104094,20.9539883203496,0.109122656546012
76,26.31004346702597,0.205006100165521,-25.980283262040487,-2.545405109633673,0.329760204985483,-2.340399009468152,0.110076607238827,0.110806430352298,0.110806430352298,1.0,22.95244542420164,0.985629424104094,20.9539883203496,0.267528148184062
77,37.2420183053042,12.429570520543347,-36.690256661600564,-13.18021937427301,0.551761643703635,-0.750648853729663,0.166147267507319,0.169384121306719,0.169384121306719,0.988629387199561,21.564353431244136,0.962928664030012,19.679784552412098,0.408956593592053
78,-0.187035800445169,-11.729903302566726,0.220381103059513,10.18021937427321,0.033345302614344,-1.549683928293515,0.051411935262284,0.044241011421973,0.051411935262284,0.954653938926937,19.84488411113909,0.962928664030012,19.679784552412098,0.124127632228091
79,-35.00567846499421,0.048914338123497,35.64460594227809,-3.031989048724942,0.638927477283879,-2.983074710601445,0.148580478711081,0.149646751634822,0.149646751634822,0.985683431133964,21.641377889003593,1.000120475556892,26.39845392124167,0.361303204329729
80,-30.886592179557873,4.246465369930752,31.733516589580752,-7.296116606180989,0.846924410022879,-3.049651236250238,0.131935917171843,0.136210938013499,0.136210938013499,0.988629387199561,21.564353431244136,1.000120475556892,26.39845392124167,0.328864127228963
81,-32.317518629791756,4.957016844815879,33.22275247296391,-7.562780100602256,0.905233843172155,-2.605763255786377,0.138361228556689,0.142532581253547,0.142532581253547,0.988629387199561,21.564353431244136,1.000120475556892,26.39845392124167,0.34412693737557
82,-37.31138790271122,6.99846433551077,38.01683583553659,-9.432743992668948,0.705447932825372,-2.434279657158179,0.15882178883406,0.163853962588489,0.163853962588489,1.0,21.513107198783246,1.000120475556892,26.39845392124167,0.395604722979959
83,-50.52939028307219,11.320854004140113,51.39379752187956,-11.127393782074105,0.864407238807374,0.193460222066008,0.216614354467012,0.219998111068842,0.219998111068842,1.000120475556892,26.39845392124167,1.0,30.84006399511962,0.531157687068458
84,-44.23753646866352,9.452924599794143,44.92183181417107,-10.203991000260483,0.68429534550755,-0.751066400466341,0.189231951346248,0.192727023405107,0.192727023405107,1.000120475556892,26.39845392124167,0.999999580687139,30.417318858370628,0.465315086070953
85,52.6790021181226,-10.824939724789441,-52.603048646083664,9.757338771864195,0.075953472038933,-1.067600952925247,0.224998019556365,0.223829338322987,0.224998019556365,1.0,30.84006399511962,0.999999580687139,30.417318858370628,0.543229335388
86,-40.542675198542916,8.664226291946614,40.755715524414626,-9.16055456175088,0.21304032587171,-0.496328269804266,0.173448318777626,0.174763625872171,0.174763625872171,1.0,30.84006399511962,1.0,32.209587746504994,0.42194472875684
87,-79.0969121400513,18.14398024244882,79.64104484564578,-16.64104418463491,0.544132705594478,1.502936057813908,0.339512436385792,0.340390027754279,0.340390027754279,0.999999580687139,30.417318858370628,1.0,32.209587746504994,0.821828782823297
88,-80.32065964716509,47.160659154632725,80.48940620482927,-66.5822101953923,0.168746557664178,-19.42155104075958,0.155872118895169,0.176587471294382,0.176587471294382,1.000000000000001,28.103830306700026,0.989936413779104,29.09134308609964,1.065870433640233
89,-69.81667590596683,-43.42099735695036,70.28997929014636,-49.40917999306501,0.47330338417953,-92.83017735001536,0.142409634706433,0.148257837417112,0.148257837417112,0.966153791190918,24.839934492305527,0.969813253650736,29.08299552052157,0.894874615396159
90,6.288722767136836,46.78278514322625,-6.170222171862491,-81.94213186836988,0.118500595274345,-35.159346725143635,0.079797231362726,0.141797044909025,0.141797044909025,0.989936413779104,29.09134308609964,0.969813253650736,29.08299552052157,0.85587769414361
91,-200.33834125469417,42.624497666948386,208.1391658931619,-5.240284921431396,7.800824638467731,37.38421274551699,0.869874278548071,0.87106727119067,0.87106727119067,0.985103083408321,25.85434466132249,1.0,37.09342547037223,2.103082043744862
92,-200.33834125469417,42.624497666948386,208.1391658931619,-5.240284921431396,7.800824638467731,37.38421274551699,0.869874278548071,0.87106727119067,0.87106727119067,0.985103083408321,25.85434466132249,1.0,37.09342547037223,2.103082043744862
93,-36.88192459422274,6.930062512534567,37.584058809173385,-9.534434735372256,0.702134214950647,-2.604372222837689,0.157003091491753,0.162221056332603,0.162221056332603,1.0,32.209587746504994,1.0,37.09342547037223,0.39166227681139
94,-19.98471133437833,3.115239843474495,20.093368847056535,-5.722490658073022,0.108657512678207,-2.607250814598527,0.084619708733156,0.087407282865969,0.087407282865969,1.0,32.209587746504994,1.0,33.61838907334145,0.211033858311168
95,57.32568034048258,-12.180659850110708,-56.56324440559766,12.953447680058378,0.76243593488492,0.772787829947671,0.24518759957972,0.24276957278656,0.24518759957972,1.0,37.09342547037223,1.0,33.61838907334145,0.591974529498931
96,-37.995252214853075,-2.630344286859165,39.2143913229725,-0.701460745183564,1.219139108119428,-3.331805032042729,0.159341103628342,0.158538551297682,0.159341103628342,1.0,24.103709346554805,1.035,29.999999999999993,0.384708994304416
97,-24.81742798974357,-10.820257072374892,25.48955253339395,4.578659515367848,0.67212454365038,-6.241597557007044,0.114980837752427,0.104683460651769,0.114980837752427,0.985103083408321,25.85434466132249,1.035,29.999999999999993,0.277606728262598
98,-235.00768147647614,121.91124173260705,255.0950333934889,-49.50925778391955,20.087351917012768,72.4019839486875,1.07016549580221,1.087154914811877,1.087154914811877,1.035,29.999999999999993,1.0,49.0017816188827,2.62479840045484
99,-85.14629287062697,11.08636395052308,85.31187028196061,9.532313921741839,0.165577411333643,20.618677872264918,0.358752062884867,0.359140168124328,0.359140168124328,1.001341155391748,28.498242750187526,1.0,49.0017816188827,0.867098631472351
100,135.40882191413974,-5.405012253631533,-133.78945136304415,11.052746589503101,1.619370551095585,5.647734335871569,0.566960695825086,0.566737654902275,0.566960695825086,1.0,49.0017816188827,0.991007783271077,46.196130199742726,1.368855079664485
101,-54.558581570629485,26.297599456929685,56.40941181403143,-23.649785981255576,1.850830243401944,2.647813475674109,0.253049145379397,0.261351808329118,0.261351808329118,1.001341155391748,28.498242750187526,0.979147285049272,35.58502832365798,0.631000972457504
102,97.20153292555875,-10.51826063230122,-92.87928737257212,23.64978598125562,4.32224555298663,13.131525348954398,0.412747325563809,0.409517545599293,0.412747325563809,0.991007783271077,46.196130199742726,0.979147285049272,35.58502832365798,0.996526350726537
103,36.58791843748606,-0.534485957200872,-36.46987555854084,-9.9e-14,0.118042878945218,-0.534485957200971,0.15447822039648,0.154442665767712,0.15447822039648,0.991007783271077,46.196130199742726,0.987932513279844,45.224204406031205,0.372968176179339
104,195.53607810025682,-19.367572883647128,-180.07870439816355,67.05857347585913,15.457373702093264,47.691000592212006,0.822066885005186,0.81896327338594,0.822066885005186,1.0,49.0017816188827,0.981651289707044,33.2926830349432,1.984776792552961
105,230.49023283133783,-30.23712806344099,-207.40630206295356,102.68465699666963,23.083930768384278,72.44752893322864,0.972563759233017,0.968248212979783,0.972563759233017,1.0,49.0017816188827,1.0,29.297700404688076,2.348132510643074
106,18.26388266617185,17.05174782990909,-17.925529583185334,-28.874106382394416,0.338353082986515,-11.822358552485326,0.101001439853761,0.14218655795159,0.14218655795159,1.035,29.999999999999993,1.0,29.297700404688076,0.343291507762804
107,143.60882883962276,-82.49490242085733,-140.11823273732801,93.00150594682015,3.490596102294745,10.506603525962817,0.705841642927979,0.703587978713372,0.705841642927979,0.981651289707044,33.2926830349432,1.0,29.297700404688076,1.704165607026086
108,92.51391941828764,-51.57818487740399,-87.09426932715135,66.13799183964242,5.41965009113629,14.559806962238433,0.465748375786847,0.457529860640411,0.465748375786847,0.951455790043468,20.021121589183373,1.0,10.39616218894178,1.124490700565244
109,341.04369656197173,-14.63263586202089,-307.4695411174936,113.62374509882585,33.57415544447815,98.99110923680496,1.379841928787891,1.371384384469643,1.379841928787891,1.035,29.999999999999993,1.0,10.39616218894178,3.331454274103798
110,156.05648264125958,-22.432275820882182,-141.18091526633708,66.93224451051645,14.875567374922497,44.49996868963427,0.659603849443294,0.65367481868473,0.659603849443294,1.0,29.297700404688076,1.0,10.39616218894178,1.592530287417414
111,88.95702247670386,38.927070953374255,-88.60063945166192,-39.00543767007243,0.356383025041936,-0.078366716698177,0.406242610452665,0.408359360710252,0.408359360710252,1.0,10.39616218894178,0.991795805710251,9.8448426869898,0.985932163116338
112,52.130763893120374,13.00543767006973,-51.97006270855048,-12.920805318569137,0.160701184569895,0.084632351500593,0.226643466666366,0.227291316416703,0.227291316416703,0.991795805710251,9.8448426869898,0.985722101949825,9.141991852879675,0.54876621136471
113,71.09209937134833,10.052501131820312,-70.20671271919498,-12.164332523072408,0.885386652153343,-2.111831391252096,0.300386556134477,0.303431933599497,0.303431933599497,1.0,10.39616218894178,0.982427689209083,8.508009044706688,0.732598126640211
114,33.06410253856844,6.845594091165029,-32.72394318920552,-7.871026419569882,0.340159349362921,-1.025432328404853,0.141263900760312,0.14333034161079,0.14333034161079,1.0,10.39616218894178,0.982427689209083,8.508009044706688,0.346053029123038
115,15.500187150009783,0.353766564017153,-15.461357803879048,-1.989456126354194,0.038829346130735,-1.635689562337041,0.065804533944444,0.066385483640077,0.066385483640077,0.985722101949825,9.141991852879675,0.982427689209083,8.508009044706688,0.160279375917687
116,306.16162576581627,101.79839623737999,-274.8875216138978,-19.31902810265411,31.274104151918493,82.47936813472589,1.34983652568894,1.356269992664923,1.356269992664923,1.0,10.39616218894178,0.850039411525389,-5.274501521279102,3.274542807864511
117,195.6859814920391,41.82281913771006,-189.46125821643665,-24.06859096986235,6.224723275602457,17.754228167847714,0.984872308868718,0.987094579337893,0.987094579337893,0.850039411525389,-5.274501521279102,0.809465546420552,-10.852459171280534,2.383215342766567
118,71.43108856924981,5.406596085034478,-66.52684602964405,3.375541909898281,4.904242539605761,8.782137994932759,0.370245387863569,0.370372732158366,0.370372732158366,0.809465546420552,-10.852459171280534,0.752448087950815,-19.386107874895963,0.894218240377998
119,81.56029408862165,15.214339593263402,-77.01931459332185,-1.702505420736795,4.540979495299794,13.511834172526607,0.428813447616693,0.430019020039713,0.430019020039713,0.809465546420552,-10.852459171280534,0.749511582722182,-21.651677226251362,1.03822667826573
120,30.056970471111445,-10.375541909895354,-29.521464439348776,10.816219808147512,0.535506031762669,0.440677898252158,0.176797074203999,0.175497896779656,0.176797074203999,0.752448087950815,-19.386107874895963,0.749511582722182,-21.651677226251362,0.42685423324058
121,37.489180541281755,14.336238603420602,-36.471271382894294,-12.228542236408455,1.017909158387461,2.107696367012148,0.224039800914384,0.226890084592963,0.226890084592963,0.749511582722182,-21.651677226251362,0.709300503207483,-26.055635477106144,0.54779748774049
122,22.919867956924847,-17.03202317897137,-22.638754075912534,16.88001539389805,0.281113881012313,-0.152007785073323,0.159393276081582,0.15416583034099,0.159393276081582,0.749511582722182,-21.651677226251362,0.766343318454061,-24.308983522810163,0.384834958111364
123,9.661854975925802,-21.4179298118514,-9.45029415513308,20.150097196331437,0.211560820792723,-1.267832615519964,0.131154324191235,0.117368226248609,0.131154324191235,0.749511582722182,-21.651677226251362,0.793339400243207,-23.72558587246331,0.316655571031897
124,-13.831121482612453,-26.880015393899384,14.040261503783357,26.774774383035677,0.209140021170905,-0.105241010863708,0.165033017389327,0.159433108946658,0.165033017389327,0.766343318454061,-24.308983522810163,0.793339400243207,-23.72558587246331,0.398451402062327
125,13.318938801857914,5.841565381370882,-13.126605550381122,-8.359507882334071,0.192333251476793,-2.51794250096319,0.07669639406257,0.084851152193268,0.084851152193268,0.793339400243207,-23.72558587246331,0.767325939056923,-25.71691297848687,0.204862403250211
126,24.83097268478425,11.80502637855999,-24.511129521773924,-16.921514632748455,0.319843163010326,-5.116488254188464,0.144991897809349,0.162395804603277,0.162395804603277,0.793339400243207,-23.72558587246331,0.767325939056923,-25.71691297848687,0.392084184466955
127,1.167859513621932,-16.718977484915335,-1.055602655599283,15.799934118802511,0.112256858022649,-0.919043366112824,0.091379142848989,0.084448499834288,0.091379142848989,0.767325939056923,-25.71691297848687,0.78449600498787,-26.19881532060216,0.220623413201848
128,-31.923027526102203,-48.89224949873646,32.4332753463493,47.894395083120465,0.510247820247095,-0.997854415615997,0.307927610601931,0.292452628838143,0.307927610601931,0.793339400243207,-23.72558587246331,0.827473556552446,-22.726058264427667,0.743452371646307
129,-10.816851309196267,-15.679213840559466,11.018965394207092,13.772111973537326,0.202114085010825,-1.90710186702214,0.100452338184674,0.089176055200134,0.100452338184674,0.793339400243207,-23.72558587246331,0.827473556552446,-22.726058264427667,0.242529498783259
130,-35.41427290293427,-15.799934118803856,36.340558186324714,16.72002936391837,0.926285283390442,0.920095245114515,0.206807287435086,0.202251937920037,0.206807287435086,0.78449600498787,-26.19881532060216,0.827473556552446,-22.726058264427667,0.499310107387915
131,-32.03685176838513,5.563934711463428,32.43858868616522,-5.743857181732435,0.401736917780092,-0.179922470269006,0.164402652108299,0.165709262282343,0.165709262282343,0.827473556552446,-22.726058264427667,0.831723909342159,-20.328121504858288,0.400084110050232
132,-48.940539361618164,3.042616646975336,50.63691624300326,-0.336919934628748,1.696376881385099,2.705696712346588,0.247920582879132,0.248398264130863,0.248398264130863,0.827473556552446,-22.726058264427667,0.852881300039314,-16.261482053072093,0.599726274041883
133,-68.90846424470428,-1.256142818267087,70.43928858837235,4.949908327483602,1.530824343668073,3.693765509216515,0.346677628819522,0.346382802769542,0.346677628819522,0.831723909342159,-20.328121504858288,0.852881300039314,-16.261482053072093,0.837009402433156
134,-83.31001102720958,47.69306288656927,84.98927726644126,-42.96974963105262,1.67926623923168,4.723313255516651,0.470894644254056,0.472761375523936,0.472761375523936,0.852881300039314,-16.261482053072093,0.842775313925706,-12.871331747409377,1.141422703761392
135,138.9869707891536,52.79510908838307,-130.73872612603864,-14.851310541638895,8.248244663114946,37.943798546744176,0.633143306771487,0.637764139681461,0.637764139681461,0.982427689209083,8.508009044706688,0.863154544389513,-7.46216687516918,1.539801063211887
136,42.731664563296235,-35.052451012118226,-42.0768306420497,33.20292937189693,0.654833921246535,-1.849521640221298,0.272021566358613,0.25979545008477,0.272021566358613,0.850039411525389,-5.274501521279102,0.863154544389513,-7.46216687516918,0.656761757261484
137,-118.29086997839006,35.66858400971338,123.95829213630024,-19.05338015813737,5.667422157910181,16.61520385157601,0.606065806737178,0.607880195132948,0.607880195132948,0.852881300039314,-16.261482053072093,0.863154544389513,-7.46216687516918,1.467650048870209
138,157.540030625874,60.5485300666779,-152.1107044239248,-35.104068162737036,5.429326201949209,25.444461903940862,0.71873318129997,0.721688352875794,0.721688352875794,0.982427689209083,8.508009044706688,0.904977987937345,-0.280366800465324,1.742425489179765
139,175.74768068141083,32.734557259483026,-167.84420348278113,0.53651412511835,7.903477198629702,33.27107138460138,0.761298394122309,0.7623589976037,0.7623589976037,0.982427689209083,8.508009044706688,0.921105386583163,-3.074466563790282,1.840619630394451
140,163.22947413168873,26.71214546170111,-150.29144712282158,27.112162744949988,12.938027008867152,53.8243082066511,0.704363919786692,0.704349961046286,0.704363919786692,0.982427689209083,8.508009044706688,0.9071104408147,-12.737514175724659,1.700597830911827
141,-18.90869768590013,-21.413495468638555,19.617995170163756,21.053647234711132,0.709297484263626,-0.359848233927423,0.144434730200328,0.131674558309673,0.144434730200328,0.827473556552446,-22.726058264427667,0.914335377382672,-19.471603683694642,0.348719436057141
142,44.05480061568829,-103.97463528913366,-41.045037013693175,109.06021477528242,3.009763601995118,5.08557948614876,0.553927832431656,0.533194752091798,0.553927832431656,0.852881300039314,-16.261482053072093,0.914335377382672,-19.471603683694642,1.337388875057995
143,-121.45915282498031,11.969749631054238,125.0484029075764,-1.56090784004313,3.589250082596095,10.408841791011108,0.605867269316034,0.60615501906676,0.60615501906676,0.842775313925706,-12.871331747409377,0.863154544389513,-7.46216687516918,1.463484828884226
144,-112.66101383433497,-12.737330832069565,115.64082886537987,26.104068162738333,2.979815031044907,13.366737330668768,0.549545220119926,0.548056964472504,0.549545220119926,0.863154544389513,-7.46216687516918,0.904977987937345,-0.280366800465324,1.326807610484829
145,131.37432792423786,-8.536514125113635,-123.27851713081306,41.03005887136666,8.095810793424803,32.49354474625303,0.597965851670994,0.594503752365016,0.597965851670994,0.921105386583163,-3.074466563790282,0.914335377382672,-19.471603683694642,1.443713117246254
146,113.82157156428063,-27.112162744945042,-110.8371323882304,38.800312473203576,2.98443917605023,11.688149728258534,0.539645424142906,0.537331322455957,0.539645424142906,0.9071104408147,-12.737514175724659,0.914335377382672,-19.471603683694642,1.302905801928127
147,-5.373928660794116,-62.2126942987379,6.610005773592283,64.83315301715216,1.236077112798167,2.620458718414255,0.285724841533193,0.272648395229601,0.285724841533193,0.914335377382672,-19.471603683694642,1.0,-20.102718924579023,0.689846586543108
148,-16.37658566952177,-75.57959231037243,17.43733688476639,79.33152622770955,1.060751215244618,3.751933917337112,0.39099726852337,0.385886557694086,0.39099726852337,0.827473556552446,-22.726058264427667,0.880627086430441,-22.732358690794648,0.94401358170739
149,56.92011866786886,93.43883188379391,-53.90721244330605,-82.33152622770972,3.012906224562812,11.107305656084193,0.457741549806256,0.467526385361277,0.467526385361277,1.0,-20.102718924579023,0.880627086430441,-22.732358690794648,1.128783480392087
150,129.60606258845522,-83.81616261607405,-125.11762969855506,93.9217736040896,4.488432889900153,10.105610988015542,0.706239329673948,0.69432873165467,0.706239329673948,0.914335377382672,-19.471603683694642,0.942676964524898,-24.87034692614697,1.705125771507228
151,42.790770044836194,-47.00962306167329,-40.72274572714689,51.39747456068096,2.068024317689307,4.387851499007674,0.29086854023488,0.274344751264944,0.29086854023488,0.914335377382672,-19.471603683694642,1.0,-26.22198334188373,0.702265398196043
152,3.727890982718057,-36.85384230225014,-3.076547302814934,35.22446960666087,0.651343679903123,-1.629372695589275,0.164395803392329,0.147929560402977,0.164395803392329,0.942676964524898,-24.87034692614697,1.0,-26.22198334188373,0.396912929249224
153,25.40790501131428,-42.1401918171494,-24.040147213148302,42.4417710310194,1.367757798165979,0.301579213869999,0.218387029247451,0.204069799484563,0.218387029247451,0.942676964524898,-24.87034692614697,1.0,-28.69398834626474,0.527267933243888
154,52.04991183154884,-34.9057533780758,-49.33366825160725,39.66217699976098,2.71624357994159,4.75642362168518,0.286760059147253,0.272251053580859,0.286760059147253,0.914335377382672,-19.471603683694642,0.972735847107838,-28.446197979578372,0.692345988882633
155,107.32941747142192,-26.254796476326366,-106.11840003458549,29.874074053028675,1.211017436836428,3.619277576702309,0.462273372303535,0.461224438889825,0.462273372303535,1.0,-26.22198334188373,1.0,-28.69398834626474,1.116100743016139
156,4.758701527197207,47.92473941689795,-4.424288559675563,-48.01357635476372,0.334412967521644,-0.088836937865771,0.201488626487201,0.207379314626967,0.207379314626967,1.0,-28.69398834626474,0.972735847107838,-28.446197979578372,0.500691194883182
157,19.60974047206168,6.360205021274744,-19.365631006654546,-10.116904632851089,0.244109465407135,-3.756699611576344,0.086248539910369,0.093835245595146,0.093835245595146,1.0,-28.69398834626474,0.974150682467071,-30.533138699245875,0.22655336345239
158,72.83812730255136,0.577197593216603,-71.45283316275373,1.34432103558823,1.385294139797622,1.921518628804833,0.304742266425868,0.304702546520351,0.304742266425868,1.0,-28.69398834626474,0.981251889755236,-31.66236537239249,0.735761759954897
159,17.28808125274258,-7.648600644997191,-17.104244551886396,3.810721945757305,0.183836700856183,-3.837878699239886,0.081307346163899,0.075258860531356,0.081307346163899,0.972735847107838,-28.446197979578372,0.974150682467071,-30.533138699245875,0.196306330632888
160,34.98295760421244,-2.344321035589282,-34.8490737644396,1.982088344702085,0.133883839772835,-0.362232690887197,0.149489014825175,0.149296445900634,0.149489014825175,0.981251889755236,-31.66236537239249,0.9781453100599,-32.276211627936206,0.360922368700864
161,59.511958145984245,-30.92773948469047,-57.58862982980845,35.58513686357432,1.923328316175798,4.65739737888385,0.297657401978676,0.288489156044592,0.297657401978676,0.942676964524898,-24.87034692614697,0.981734340785058,-32.26913098346657,0.718656248481726
162,-1.620801794101122,-4.982088344701662,1.62625077083766,3.057247760034282,0.005448976736539,-1.92484058466738,0.022408555691106,0.014757141867767,0.022408555691106,0.9781453100599,-32.276211627936206,0.981734340785058,-32.26913098346657,0.054102630943536
163,0.128969311712424,-24.733269172920483,-1.03e-13,23.212066085874625,0.128969311712321,-1.521203087045858,0.105403184349592,0.097112265240051,0.105403184349592,0.981734340785058,-32.26913098346657,1.0,-32.58000563537105,0.254482692313938
164,19.363534188718,-38.12630155542721,-18.95101554177625,33.107388603103004,0.412518646941749,-5.018912952324207,0.182230500787968,0.15959806568773,0.182230500787968,0.981734340785058,-32.26913098346657,1.0,-33.49901790083249,0.439972556316974
165,60.40180700742501,-19.064592876405232,-60.03662523428078,19.500767876421204,0.365181773144236,0.436175000015972,0.26507264220776,0.264092951665043,0.26507264220776,0.999693845392054,26.003550632403226,1.0,24.86371378557089,0.63998445648536
166,-23.199377868965946,5.100344454776722,23.56674967574021,-9.067718816156122,0.367371806774262,-3.9673743613794,0.099377098604738,0.105642731565484,0.105642731565484,1.0,21.893069429688804,1.0,24.86371378557089,0.255061048848541
167,25.425750480673127,-6.20584733925619,-25.334552471966507,4.991278312060491,0.09119800870662,-1.214569027195699,0.109496352670078,0.10802955389876,0.109496352670078,1.0,21.893069429688804,1.0,20.959768219535434,0.264365130882745
168,30.243566139813773,-5.553272847788703,-30.09013868285833,4.277078776756836,0.153427456955441,-1.276194071031867,0.128645274838789,0.127319838549653,0.128645274838789,1.0,22.265200151415595,0.998692972997804,20.936401936507142,0.31059778787953
169,6.38353693018881,11.01862213562686,-6.379736875680917,-11.277078776756097,0.003800054507892,-0.258456641129238,0.053275997310498,0.054277448910851,0.054277448910851,1.0,20.959768219535434,0.998692972997804,20.936401936507142,0.131046053456533
170,36.95825088961504,6.69305660568287,-36.46987555854109,-7.999999999999831,0.488375331073946,-1.306943394316962,0.159714310682131,0.162578813897563,0.162578813897563,0.983864344492682,41.426978642342824,0.960806195449281,38.457559417148275,0.392526037321931
171,172.92370618366638,21.793187666725274,-168.51512354049063,-8.328509547814548,4.408582643175748,13.464678118910726,0.729183221391839,0.729616470332922,0.729616470332922,1.0,29.297700404688076,0.967462861931165,24.55866040391417,1.76156692867157
172,-128.98379497682828,15.578184877403835,132.04524798194953,-6.671490452184734,3.061453005121251,8.9066944252191,0.571283198638277,0.571744987765584,0.571744987765584,0.951455790043468,20.021121589183373,0.967462861931165,24.55866040391417,1.380406149030621
